"io_in_bits_A0","io_in_bits_B0","io_in_bits_C0","io_in_bits_D0","io_in_bits_X"
"799208230","420607840","1268400705","1195447319","8485624904727284180789358065728424325029461070360219166624620297755399119642634149201878061522228609139792474529922442275165945049430788283633185930062612"
"969998287","3641108231","509807884","4134722204","3076774718777221572794904586146473471712009635142137178877222167905838923915527779089837479136199157859988627202419436289210430119231561258665575517381071"
"748810715","1959350973","2016359339","3870671958","489368090352080130523965004039988028944589707034032683111523422348947495206611282497335955349829481978757542972786526887250838453720246005912617569514504"
"65704563","3280411963","4242739142","2257474917","1752776093471161814832036078065115358239427318111254009585328352177901455528498352167377822123176586907041039774952133927659897674316128071372733986107201"
"2817798428","3629275043","2136919390","1458857065","8883873147052148275476417700205393258926484593145168333995005775114005042387523898780344493571616895744650187260835007161680745217529547950325487019490723"
"814872281","3357491548","445208654","3082523807","7579856553414325161444739332637199476232742417423590837806163620335627277382993127070316048202234688990109542658738792240810315508910265049020814316470985"
"2696992514","527442460","606470676","1018773356","7113875852366548481862002760325520909037585129666611404486446463074129726419634231117863133896907908386788916155580986845324732656557156896411577365912086"
"1467908720","320534831","2110898702","3558770196","9879998392997617451452530808085784739121941485840513699764455785498003321912682604776939252698266939119059004116804698620491632910295445250053092052971249"
"1137462516","4159394390","2813360597","4190594471","6726020965558111457935546723064088345426412115601770640850106965657641981702055090446319438334692456971947535421926472527766380483872323066286312976400459"
"3677433541","1539536497","3418349866","1566126139","255143248664101505759563495970744147531288253525763323610110034221312960801385271984376191416140557940681530535872929595330358008709536617507256597775565"
"2835107307","3747582497","806373541","3398992256","12846936913054918897829588899426492330108915123170526145655247520881004996504684182578587361526009705401778996345676642812526677249867939137729541285355918"
"1701951478","3571355450","3518520643","944107691","9248539482171107478845346167517717892324242687747175185643718324184863820531902624225804649204682807179301940465392737087582330645567787662457035485090578"
"119197967","1819999445","936028475","2589048693","1615677940918882855656625478696162664348148923489543867789163458621208349860722609361437567746631149087954355132690095314962236146494624219234283109629181"
"4058359352","356148451","941359329","219301024","3080943056890048730669375190614820307536433141582476110778158511452521646817232133713515149707472023464090296182799768902693277222825737598900071998992933"
"160407392","1728731067","1313053","1092037433","8743450235689549658157989903726215454322106227313890624502034604422484483252455168831002033729041354925809166533315698866481236704505950248179961946112894"
"885453694","822656029","27110975","1876784606","13025870783626891401695249124733373863241641815880686762705872155086265097598674795718855204519939257933504582007883861589881176050762281177573232779808707"
"29994207","314714764","3156646886","2180344934","6500960308205247477423580294436829213177110958043012937239940995867175663809720034382347617831051353458816042694029481935429876989445582134048290568596430"
"3192540837","1662597098","3888170362","3798610287","3066297454883845606093389277021135839938455469571960732257261029689940248627635548126538103909867009792135039493637423277204412445961988964227950111999409"
"2397728613","2609108389","923158029","119853010","123886746101517787203315486221281508350115306650097770186517623790297989531326881423639881751890623591603645677676510599554804787522424059629810720192665"
"752138480","2482681898","3673594422","2143659618","9536589068942613535068722139851487561766400169119057458591165708233041749294724516614635536794401435936459022474438163713785939911067437747547238380999574"
"3775603081","853432628","3945241476","2616510150","1121934485557902136756385023200416935626289329510834052539756695301702072005953519408785568574164459792245003554250570817618595051901869916412214319796084"
"3825907189","3207223936","1160727828","1537975801","7260892093695073097859595287917940959549400957777482232678655091710720351727196567113165061461565297399044206412425160326013419625795082193533510054995894"
"131640783","1894162838","3688140703","1925637608","4308940885530555671624752909353306365915849010653852430076711735078465280669136112130954385826446465948826894260806840737109271747024163316577042244137023"
"247663571","871400670","2688218319","2656330496","5669822361239909815464508227311614397716815227065897144590471558321718949933329650820955311323095078940512341155845156220936489423314985797657230003500950"
"1483705750","1919278438","1855900676","2792485394","3845713200489800192627553789354288989655245829825489581114460875032759188787427561158827142360137998372820937652019314323542033002191405069889510178241209"
"1297605321","3615484865","3463155830","1600090729","12745511320736285107288247301640891404354763085198338075626640467502397624731024781807880305733564807299314886271887762998162779897625070552831040889500854"
"446083079","1441466371","2751399760","3796306269","12435850173039417442053941639244323784540116120757063958646892073867693057778906401168019749194594748731620812250245119640998923792205556010076719955827639"
"3288756307","2994081578","204307459","271933282","5566306931994570048590377954738954890388419011372761756055935062042491802797767285658723657408540487500995779624736304024537933276460319571637927433885681"
"501328871","747001680","403350483","2164254994","6676210785508402811779037985697840046187106784542512631433051222082588453482074155109070495334919761830183875543392999058865310941457860504011204883325164"
"2739066471","260154628","3494496065","2518502677","4970109630098053861665762873308152049944366461105655389437564921939560611322365453660913458911769406072053273140359692326780368502536558444670875708746462"
"1344795790","3911305624","2086531730","1614660115","7019168929583151775627579561436392182710519297317238230605014226810311592134805526537997045783171314609360319128776917183490282175826958150131434696984633"
"1174975929","2500649723","1033008857","2966674278","6317940156002086119832927428915080410844894800508502874216488971936060567900071763289920809989841856846546621758321639325396713916801915097054390224973054"
"3144072960","2129044668","2326834894","2588054298","2603184862531562672772381251864522404451954507298242380941455555164426744181295054977139119373899330798952023402646142465116319376231668673885498378234790"
"2855302590","1248666811","1892427545","2215998704","392523092869170254041221341718486274950841850816334212626650218930330706492855031451560836312534100777431867702587525501198586144101311644129346061391295"
"3131196292","3118944983","3734626430","3254930864","659349776835529651597934390090580330568646579677150557757894044105492872410744687318181294328498510051944387668335744251312330639388252264216506030513026"
"542862573","2314586875","2564683677","605009112","1146262366829530465143275469875245261523324208014337659353901523324980750709981465634703389544855808788154164286513458080353601269297722143225577525491106"
"1825956636","3389954444","3309600969","902501307","4056927944647010742378608115993354796049077505888557020354812881227313426474097987476025307516113610248048854013548835184542395439709622112639130317847386"
"2756592168","2433668058","722502649","1611169542","8174620291396121029794631879623916005296191688073860488405209349460685893626970641793315170105990828563510802605024634039265830889765445554248742038174442"
"2430827191","2368251698","2532929610","1908814279","5162311671427039634996775225834675969363671924394491536428701308160541879153374348048635362713605255091585141813084430326830473781228945570171215121920109"
"3851936346","4187338178","2835302148","1331135441","12591130803364533271941421636601585901698533107702824360928593587639914987264429611082440574832224585290225319129311925013848090116755697796545439974462898"
"3960290453","736622948","185046001","421231426","1682818713568285351680123335006063471239650798057026779542582445222881549906211759935454652836661692966343008368575628929358025377897818169113180499518865"
"1557823786","2825229991","1870117826","1954484721","4146259393506029436865857542506771947408101777806457230548437206933234745840200051324917879018652531888452746545556682044237206668341681526309107784043718"
"3380832079","2580738092","297239088","330429390","6631993091458381006762771463380612283947603143095457876238107570055625566413409695199653601485621650416174168804057587453918300689760879091365504553785363"
"1115783459","4232760296","2507703737","1226149835","7878719043435831625034912373517670935922294799768809481167787997460261049412582501431540859579426516233634067799270621581428877289249274017514759558137830"
"2199404415","46677768","3312974214","4216901528","619053269704032418506402125712952831942518207440200967084994594999167330288313834531030858414875627545343303666846230699721178868941472493207266305377550"
"1406115780","857403285","2474953882","3753053070","7648081461471550316937277657351496166377744386410599836321512127273872978705146326493219329904193229491872815733913325500297716572369547881182458827194521"
"2706155602","2803629907","3899213204","249357327","2778169374741877054871890915892866373710066951924083731220449767133968795015982000243447984686749080674436838944714502282807013234484044518944588359335543"
"3993565408","3207384823","4226507439","3803949895","5173234969996238744154949160589684105946875894833684562689750575066434191232805220641652790479847759331069932944036126642455893250551566497347841378114079"
"282957798","2041703703","2016330428","94283820","3529680593388010613877564357880524619667603354969663993103797842395490931933756902539100484482170565652573994705450010285420049994811461757651377616088613"
"216401652","1224400646","2586746489","2226428651","12514952390676939097130640264391980200080834488451550746584599186476454036106252805833569398175822874487043889432883549782611813063913551842885688933837859"
"1095875645","3399985701","1119990296","363263265","1913952022211215367311979511152070998606735913694699562856631477080691825594526712855980059899918039667156485151383501274637886210454048647820896918088814"
"3722001864","3565683281","3780298716","2504703417","1623216634944973240716513347798074291698243799059710819343664182284227374479682367928249888699720849089583529560283191651840095167916802833956728396617806"
"2293193028","3622611604","4253471019","2893293188","12616466630293991752553879119328113938163382527779149678213996019324597894937597076877039902298552902056992829679405776902833875497295052653958974561836596"
"2549286147","2522413970","3499743064","1376167296","9228031887801751128544636535045092696424961097329876737198449607457330121586194078239111133130102172968777950222929042947501984883855416332629678667961793"
"255209389","699298687","3180492263","4045921340","5040204326398434628878052902465048682412688412748612080545965366617130410318225456153160959589586256337256746304336674522389100237663364252244720221949307"
