"step","io_result_bits"
"1","0x8366c53ce43e9e6796c55ec7e75c1ebd"
"2","0x65590cf56caf3a4abd081c492aa327fc"
"3","0x9611ab498c96c0bec9ebfea079b0c202"
"4","0xab7d6732a4274db54230e131f91db5f1"
"5","0xab7d6732a4274db54230e131f91db5f1"
"6","0x69393dfe29fcf04f0e64a8b4521c5b8b"
"7","0x7a3c5a8be31f7320ff6b5d97d03f25af"
"8","0x8affd06c8a32c65cf821284c1eb668e0"
"9","0x9d946e915b770ffb6b64f56f40eaedc7"
"10","0xc919b831c00f948c308b2d1068817d3e"
"11","0xc919b831c00f948c308b2d1068817d3e"
"12","0xd63e32ae28545fa649840e0a80a71d77"
"13","0x60abaf8450f1140638346425b0122f2e"
"14","0xaab115ba56924f7c79511427ef2cce3d"
"15","0xe6ac515b3d6d66142356adf5a5502b38"
"16","0x3925841d02dc09fbdc118597196a0b32"
