"io_in_bits_x","io_in_bits_y"
"1585618089","381446188"
"1288530078","1132393788"
"512962586","799933153"
"1787863886","22809134"
"369115916","1743842453"
"1620128870","1845022870"
"1869494564","1588159674"
"969155886","719743043"
"1835294656","727866099"
"147695286","1635931259"
"1772833540","1376389214"
"1092067063","340651012"
"1926216067","955226869"
"1445309832","426473567"
"2072496263","604828938"
"1138917881","1176032788"
"1904927486","458597104"
"2084961744","2137688104"
"969504001","150227128"
"1659976734","411521196"
